"C","n"
"Platform: ARC Evals",33
"Evidence of misalignment",16
"AI writes AI",7
"Escalating warning shots",6
"IT progress",6
"AI Forecasting skill",5
"Platform: Escalating warning shots",5
"Platform: AI regulation",4
"Power-seeking",4
"Progress in lethal technologies",4
"Reduction in AI investment",4
"Warning shot",4
"Fast AI efficiency gains",3
"Major powers war",3
"Muehlhauser policies",3
"Taiwan-China",3
"Alignment solution",2
"No violence LLM",2
"Non-democracy AI",2
"Supers changing minds",2
"AI coding",1
"Intergovernmental AI safety",1
"Power-seeking shutdown",1
